contract_address,TX1 Trace Length,TX1 SSTORE Count,TX1 CALL Count,TX2 Trace Length,TX2 SSTORE Count,TX2 CALL Count,TX3 Trace Length,TX3 SSTORE Count,TX3 CALL Count,TX1 Original Trace Length,TX1 Original SSTORE Count,TX1 Original CALL Count,TX2 Original Trace Length,TX2 Original SSTORE Count,TX2 Original CALL Count,TX3 Original Trace Length,TX3 Original SSTORE Count,TX3 Original CALL Count,Tx1 Trace Diff ( original - patched),Tx2 Trace Diff,Tx3 Trace Diff,Tx1 SSTORE Diff,Tx2 SSTORE Diff,Tx3 SSTORE Diff,Tx1 Call Diff,Tx2 Call Diff,Tx3 Call Diff
0x00A8097A78893Fb4623854d78f154b1034245191,632,1,2,635,3,2,397,0,0,638,3,2,635,3,2,397,0,0,6,0,0,2,0,0,0,0,0
0x4d7968ebfD390D5E7926Cb3587C39eFf2F9FB225,690,3,2,691,4,3,543,0,0,694,4,2,691,4,3,543,0,0,4,0,0,1,0,0,0,0,0
0x0ECa569e1698FDDe4F47D9a55A77C7Eb93D2F6f3,294,1,2,292,3,2,247,0,0,300,3,2,292,3,2,247,0,0,6,0,0,2,0,0,0,0,0
0xC598Cc8Ee852368826BBfDC8eFcB16a756E8FC66,131,1,2,138,3,3,138,0,2,141,3,2,138,3,3,138,0,2,10,0,0,2,0,0,0,0,0
0x60aD532f956B48D7f9Fae3C1398197295f2F48E6,609,2,2,614,4,3,62,0,1,617,4,2,614,4,3,62,0,1,8,0,0,2,0,0,0,0,0
0x379b1585592D513F7435060A0A5290cfC7Ff62b7,68,3,1,70,5,2,70,0,0,73,5,2,70,5,2,70,0,0,5,0,0,2,0,0,1,0,0
0x5B40CF45C5135b4111827dA2F7f138A5c197904f,118,1,2,123,2,3,123,0,0,127,2,2,123,2,3,123,0,0,9,0,0,1,0,0,0,0,0
0xe87e15B9c7d989474Cb6d8c56b3DB4eFAD5b21E8,117,1,2,122,3,2,74,0,1,125,3,2,122,3,2,74,0,1,8,0,0,2,0,0,0,0,0
0x488a79012874953F439eFF6a14C8e5541B5eD843,108,2,2,109,4,2,98,0,0,112,4,2,109,4,2,98,0,0,4,0,0,2,0,0,0,0,0
0xEa699bce7603FCB8A26723e82Ade3a5fF82A735e,68,3,0,72,4,3,63,0,0,75,4,2,72,4,3,63,0,0,7,0,0,1,0,0,2,0,0
0x0309c98B1bffA350bcb3F9fB9780970CA32a5060,121,1,2,122,2,3,69,0,0,125,2,2,122,2,3,69,0,0,4,0,0,1,0,0,0,0,0
0xfEdd14eFEfd057DdC130816b41BF7B430EE17f60,104,1,1,108,3,3,72,0,0,113,3,2,108,3,3,72,0,0,9,0,0,2,0,0,1,0,0
0x76Ce27256865dA4C7f56b2079F0C37E32C61FEF8,591,1,2,595,2,2,7,0,1,598,2,2,595,2,2,7,0,1,7,0,0,1,0,0,0,0,0
0xddC0ccAE392984161603C984D6bD9f4Df62eB5aF,115,1,0,114,3,2,99,0,0,117,3,2,114,3,2,99,0,0,2,0,0,2,0,0,2,0,0
0x98edc8067Cc671BCAE82D36dCC609C3E4e078AC8,106,1,0,109,2,3,98,0,0,112,2,2,109,2,3,98,0,0,6,0,0,1,0,0,2,0,0
0xF74Bf048138a2B8F825ECCaBed9e02E481A0F6C0,67,1,2,68,3,3,68,0,0,71,3,2,68,3,3,68,0,0,4,0,0,2,0,0,0,0,0
0xF1F253047a4Cb1Dcd3170651CF7e133bC6C16dd4,50,1,1,54,2,2,2,0,0,58,2,2,54,2,2,2,0,0,8,0,0,1,0,0,1,0,0
0x74CB3c1938A15e532CC1b465e3B641C2c7e40C2b,154,1,2,154,3,2,116,0,0,157,3,2,154,3,2,116,0,0,3,0,0,2,0,0,0,0,0
0x687642347a9282Be8FD809d8309910A3f984Ac5a,280,1,0,285,3,2,68,0,1,288,3,2,285,3,2,68,0,1,8,0,0,2,0,0,2,0,0
0x01BFd82675DBCc7762C84019cA518e701C0cD07e,152,1,2,154,3,3,116,0,0,157,3,2,154,3,3,116,0,0,5,0,0,2,0,0,0,0,0
0xfa6de2697D59E88Ed7Fc4dFE5A33daC43565ea41,230,1,2,233,3,3,83,0,0,236,3,2,233,3,3,83,0,0,6,0,0,2,0,0,0,0,0
0xFa1429690208237a3169a09481A50315204804aC,61,1,0,63,2,3,63,0,1,66,2,2,63,2,3,63,0,1,5,0,0,1,0,0,2,0,0
0xc5B2f9AB661c485EeB35635D32A1746b6E09601b,58,3,3,63,4,3,63,0,0,66,4,3,63,4,3,63,0,0,8,0,0,1,0,0,0,0,0
0xCCA96D6185f6EEc79e6053C2F1398a5aE83e2EBE,116,2,0,122,4,2,120,0,0,125,4,2,122,4,2,120,0,0,9,0,0,2,0,0,2,0,0
0x1fE82f892D20412f4355F608Ef5d931D3717d692,296,2,2,301,4,3,228,0,0,303,4,2,301,4,3,228,0,0,7,0,0,2,0,0,0,0,0
0x135B032A6FEE8060Ec7C1c7C5fe1F25313a9B992,76,2,1,80,3,3,55,0,0,82,3,2,80,3,3,55,0,0,6,0,0,1,0,0,1,0,0
0x24384C4626EB895c99ea4225Af309aD22A75BE2F,105,2,2,105,3,3,56,0,0,107,3,2,105,3,3,56,0,0,2,0,0,1,0,0,0,0,0
0x3F18AB22298b5FAca652c267BF0b6A5bCa078bAc,158,1,2,164,3,3,112,0,2,167,3,2,164,3,3,112,0,2,9,0,0,2,0,0,0,0,0
0x4F438A2e7d060733f90775566AF040576bd441B0,117,2,0,122,4,2,120,0,0,125,4,2,122,4,2,120,0,0,8,0,0,2,0,0,2,0,0
0x4D417489510d749335b17687F510585D9A265dDB,199,2,1,199,3,3,5,0,0,201,3,2,199,3,3,5,0,0,2,0,0,1,0,0,1,0,0
0xCc323557c71C0D1D20a1861Dc69c06C5f3cC9624,301,3,2,301,5,2,228,0,0,303,5,2,301,5,2,228,0,0,2,0,0,2,0,0,0,0,0
0x556553093A3b7B4839eFeCc890e8065E3FC97C77,420,3,2,427,4,3,148,0,0,430,4,2,427,4,3,148,0,0,10,0,0,1,0,0,0,0,0
0x4a50862E3D648847D5C5ec014Ddd1e2b8db72d26,228,2,2,232,3,3,219,0,0,235,3,2,232,3,3,219,0,0,7,0,0,1,0,0,0,0,0
0xCBd5af4B8971b26471045Eec3902Bb3AcdE323db,63,3,2,63,4,2,63,0,0,66,4,2,63,4,2,63,0,0,3,0,0,1,0,0,0,0,0
0x2327a8A0bB927449967b73F68c766858Ea87154D,115,1,2,122,3,2,122,0,0,124,3,2,122,3,2,122,0,0,9,0,0,2,0,0,0,0,0
0xB60f415f5130cB97Dc489bEa1eA4214dA5b35d03,105,1,2,111,3,2,57,0,0,115,3,2,111,3,2,57,0,0,10,0,0,2,0,0,0,0,0
0x8ea8874192C8C715e620845F833f48f39B24e222,229,1,2,236,3,2,183,0,0,239,3,2,236,3,2,183,0,0,10,0,0,2,0,0,0,0,0
0x92701D42E1504ef9FCe6d66A2054218b048ddA43,94,2,2,101,4,2,100,0,1,104,4,2,101,4,2,100,0,1,10,0,0,2,0,0,0,0,0
0xe541504417670FB76b612B41B4392d967a1956c7,111,1,2,111,3,3,57,0,1,115,3,2,111,3,3,57,0,1,4,0,0,2,0,0,0,0,0
0x00Cd11f2E7d45718686F8fbBc395f51154d3ffBA,122,2,0,120,4,3,120,0,1,123,4,2,120,4,3,120,0,1,1,0,0,2,0,0,2,0,0
0x777777c9898D384F785Ee44Acfe945efDFf5f3E0,2326,1,2,2329,2,2,1158,0,1,2332,2,2,2329,2,2,1158,0,1,6,0,0,1,0,0,0,0,0
0x8A71704f0F8891f92417faf840568eCee0Be0918,59,1,1,61,2,2,61,0,0,64,2,2,61,2,2,61,0,0,5,0,0,1,0,0,1,0,0
0xcc773EeDC0Ad7990cd963e93b40e6057Ae3dDFA6,60,2,2,65,4,2,65,0,0,68,4,2,65,4,2,65,0,0,8,0,0,2,0,0,0,0,0
0x4b4a7Aa3d100676DeED616e51A562E77e56B224a,270,1,2,272,2,2,174,0,0,275,2,2,272,2,2,174,0,0,5,0,0,1,0,0,0,0,0
0x6FFd7EdE62328b3Af38FCD61461Bbfc52F5651fE,658,1,2,664,3,2,295,0,0,666,3,2,664,3,2,295,0,0,8,0,0,2,0,0,0,0,0
0x9726470997DB23aC821597f28AF9343F8c5ec520,355,1,2,359,2,3,359,0,2,362,2,2,359,2,3,359,0,2,7,0,0,1,0,0,0,0,0
0xE3d9988F676457123C5fD01297605efdD0Cba1ae,545,2,0,548,4,3,60,0,1,550,4,2,548,4,3,60,0,1,5,0,0,2,0,0,2,0,0
0x7a7D08bCB2faF27414e86EcF9a0351D928054b6b,82,2,0,80,4,2,55,0,0,83,4,2,80,4,2,55,0,0,1,0,0,2,0,0,2,0,0
0xBDF115C9002AaCE730B44930b269e97CeaEea56E,88,1,2,88,3,3,88,0,0,94,3,2,88,3,3,88,0,0,6,0,0,2,0,0,0,0,0
0xdeC7fFFbEBcEb6A2cB57BfA8b203CAFFc0f61259,120,3,2,123,4,2,71,0,0,126,4,2,123,4,2,71,0,0,6,0,0,1,0,0,0,0,0
0x645BA45dBe3c6942c812A46f9EE8115C89B524EC,65,1,2,70,3,3,57,0,0,74,3,2,70,3,3,57,0,0,9,0,0,2,0,0,0,0,0
0x2Ac64f23D5546248F54c48F8E4BCAA94b32De708,527,1,0,527,2,2,87,0,2,530,2,2,527,2,2,87,0,2,3,0,0,1,0,0,2,0,0
0x4C19596f5aAfF459fA38B0f7eD92F11AE6543784,113,3,2,114,5,2,114,0,0,118,5,2,114,5,2,114,0,0,5,0,0,2,0,0,0,0,0
0x329239599afB305DA0A2eC69c58F8a6697F9F88d,556,2,2,555,4,3,544,0,1,558,4,2,555,4,3,544,0,1,2,0,0,2,0,0,0,0,0
0x62c02E1Ee0D6153A097B458f9eEA2Eb1635d57c3,46,2,1,50,4,2,13,0,0,52,4,2,50,4,2,13,0,0,6,0,0,2,0,0,1,0,0
0xF87E31492Faf9A91B02Ee0dEAAd50d51d56D5d4d,120,1,0,126,3,3,108,0,0,129,3,2,126,3,3,108,0,0,9,0,0,2,0,0,2,0,0
0x132c3107f3cfd0Cf33485BDa398C993b1cd4723d,49,2,0,50,4,3,13,0,0,52,4,2,50,4,3,13,0,0,3,0,0,2,0,0,2,0,0
0xe7A7E66a809B1372A5402c2B5e33263Ff1F37dC4,267,2,1,271,3,2,81,0,1,274,3,2,271,3,2,81,0,1,7,0,0,1,0,0,1,0,0
0xDb33d69d2a660C541EB4ef1D0e956b9A5e2D34f7,109,1,2,112,2,2,68,0,0,114,2,2,112,2,2,68,0,0,5,0,0,1,0,0,0,0,0
0x2c43d116eaE1d152FA708b84bB511Bb9D9f22697,306,2,2,308,3,3,72,0,0,314,3,2,308,3,3,72,0,0,8,0,0,1,0,0,0,0,0
0x4CEA0e778f6E43D424EE93a3e21552f62c5A8a78,110,2,2,112,3,3,68,0,1,114,3,2,112,3,3,68,0,1,4,0,0,1,0,0,0,0,0
0xBde001C5700Fd7A1C749440E11E9D10Fdd3Ad7Cf,307,2,2,310,4,2,290,0,1,317,4,2,310,4,2,290,0,1,10,0,0,2,0,0,0,0,0
0xa4057dadA9217A8E64Ee7d469A5A7e7c40B7380f,141,1,2,140,3,2,140,0,0,142,3,2,140,3,2,140,0,0,1,0,0,2,0,0,0,0,0
0x1337DEF1FC06783D4b03CB8C1Bf3EBf7D0593FC4,1268,2,2,1274,4,2,1068,0,1,1276,4,2,1274,4,2,1068,0,1,8,0,0,2,0,0,0,0,0
0x4Dbd4fc535Ac27206064B68FfCf827b0A60BAB3f,214,2,2,218,3,3,218,0,0,221,3,2,218,3,3,218,0,0,7,0,0,1,0,0,0,0,0
0x73075e2c5Ea7A30bc15fCa364a67CBb70A348f58,213,1,2,218,3,2,218,0,0,221,3,2,218,3,2,218,0,0,8,0,0,2,0,0,0,0,0
0x217312Bcfb049bef7844425040Ad9539B0a3a377,307,2,3,313,3,4,307,0,0,315,3,3,313,3,4,307,0,0,8,0,0,1,0,0,0,0,0
0x9f37F4FB3F4F9a2eAa2300bd79530Bf73F11d2EF,220,1,2,218,2,3,218,0,0,221,2,2,218,2,3,218,0,0,1,0,0,1,0,0,0,0,0
0x27182842E098f60e3D576794A5bFFb0777E025d3,44,2,2,52,3,3,51,0,1,54,3,2,52,3,3,51,0,1,10,0,0,1,0,0,0,0,0
0x6D9E02FfBcFd787A2285BeCA6553656Db29e5aF9,110,1,2,106,2,2,60,0,0,116,2,2,106,2,2,60,0,0,6,0,0,1,0,0,0,0,0
0xAeC85E8E6Ccd1aF23cCC9046c116eeb190F4A970,868,1,0,867,2,3,855,0,0,869,2,2,867,2,3,855,0,0,1,0,0,1,0,0,2,0,0
0x2b67D1a87A8D8B280A23e97bC55095215eE0ec53,150,2,0,148,4,2,118,0,1,151,4,2,148,4,2,118,0,1,1,0,0,2,0,0,2,0,0
0x241e82C79452F51fbfc89Fac6d912e021dB1a3B7,106,1,2,106,2,3,60,0,0,116,2,2,106,2,3,60,0,0,10,0,0,1,0,0,0,0,0
0xE574DdD69079A87222f282AA40f2d3B05303e93B,75,1,2,81,3,3,81,0,0,85,3,2,81,3,3,81,0,0,10,0,0,2,0,0,0,0,0
0x25f2F80D9a45B641bEf25342A1B2a0Ae48F78539,214,1,1,215,3,2,215,0,0,218,3,2,215,3,2,215,0,0,4,0,0,2,0,0,1,0,0
0x07E409EC7A809a660A9dEd0d40d5b73BBE464B54,1021,1,2,1024,3,2,775,0,0,1028,3,2,1024,3,2,775,0,0,7,0,0,2,0,0,0,0,0
0x3080C40b20C730aD997e1382EEBe3127C1F09C2F,80,1,2,86,3,3,79,0,1,90,3,2,86,3,3,79,0,1,10,0,0,2,0,0,0,0,0
0x2A8e1E676Ec238d8A992307B495b45B3fEAa5e86,121,1,0,123,3,2,122,0,0,125,3,2,123,3,2,122,0,0,4,0,0,2,0,0,2,0,0
0x6C8d0AFDDBD29a0954feEB73904923fC8f73C480,624,1,1,631,2,3,540,0,0,634,2,2,631,2,3,540,0,0,10,0,0,1,0,0,1,0,0
0x495a338D18f10Fb71cBF9Bf3281BFb2A1425dFD1,114,1,0,106,3,2,60,0,0,116,3,2,106,3,2,60,0,0,2,0,0,2,0,0,2,0,0
0x9d5dc3cc15E5618434A2737DBF76158C59CA1e65,63,2,2,61,3,2,57,0,0,66,3,2,61,3,2,57,0,0,3,0,0,1,0,0,0,0,0
0xCD965f4D4E3Ba7EF1b3e46f17D8eA3bdE3B2C5F4,237,1,2,241,3,2,241,0,1,245,3,2,241,3,2,241,0,1,8,0,0,2,0,0,0,0,0
0x914792F492f8C7f147E6b5Bc10e01beE027C093b,239,2,2,241,4,3,241,0,0,245,4,2,241,4,3,241,0,0,6,0,0,2,0,0,0,0,0
0x4fE864eab615E6F84Cba0DEaEE90cfe78b43e990,325,2,2,331,3,2,110,0,0,334,3,2,331,3,2,110,0,0,9,0,0,1,0,0,0,0,0
0xC1349A9a33A0682804c390a3968e26E5a2366153,239,1,2,241,3,2,241,0,0,245,3,2,241,3,2,241,0,0,6,0,0,2,0,0,0,0,0
0x2afFCD7650c2c116EDB6907725DAB53A259285c7,244,2,2,241,4,3,241,0,0,245,4,2,241,4,3,241,0,0,1,0,0,2,0,0,0,0,0
0x57805e5a227937BAc2B0FdaCaA30413ddac6B8E1,199,1,1,199,2,2,188,0,0,203,2,2,199,2,2,188,0,0,4,0,0,1,0,0,1,0,0
0x375C48a3A3685d7e28EB45e612da6Dd51c7E38E0,65,2,2,68,4,2,62,0,0,71,4,2,68,4,2,62,0,0,6,0,0,2,0,0,0,0,0
0x60eB332Bd4A0E2a9eEB3212cFdD6Ef03Ce4CB3b5,74,2,2,75,3,3,75,0,1,79,3,2,75,3,3,75,0,1,5,0,0,1,0,0,0,0,0
0xbE47B65F62F9C18C33eA4823B520aE3Df941Be5a,49,1,0,57,2,3,57,0,0,59,2,2,57,2,3,57,0,0,10,0,0,1,0,0,2,0,0
0x6A2E6510B2BBF8C9AD7bC817D0Dc711711E8d747,569,3,2,569,4,2,203,0,0,572,4,2,569,4,2,203,0,0,3,0,0,1,0,0,0,0,0
0xdcbEeA794B2F89A1A6eDF7bE9aFb16CF2F120c2c,78,1,2,78,2,3,50,0,0,82,2,2,78,2,3,50,0,0,4,0,0,1,0,0,0,0,0
0x62D5C4A317b93085697cFb1c775bE4398Df0678c,55,2,2,55,4,3,54,0,0,57,4,2,55,4,3,54,0,0,2,0,0,2,0,0,0,0,0
0x3dA0e01472Dee3746b4D324a65D7EdFaECa9Aa4f,125,1,2,126,3,3,124,0,0,129,3,2,126,3,3,124,0,0,4,0,0,2,0,0,0,0,0
0xF5C9F957705bea56a7e806943f98F7777B995826,175,2,2,180,3,2,180,0,0,184,3,2,180,3,2,180,0,0,9,0,0,1,0,0,0,0,0
0xc691bc298a304d591Ad9b352c7A8D216dE9f2CED,123,3,2,128,4,2,87,0,0,132,4,2,128,4,2,87,0,0,9,0,0,1,0,0,0,0,0
0x7589738dB9Bf618dEA9eDE5A371E474d3839d5D9,104,1,2,111,3,3,74,0,0,114,3,2,111,3,3,74,0,0,10,0,0,2,0,0,0,0,0
0xfFeF94550e02f04c805889aF0eeC2235AD208f78,342,2,2,347,4,3,247,0,0,350,4,2,347,4,3,247,0,0,8,0,0,2,0,0,0,0,0
0x51D041a67D3DC1De9921CeF0baC5f5237c92d819,107,2,2,112,3,2,70,0,1,114,3,2,112,3,2,70,0,1,7,0,0,1,0,0,0,0,0
0xA1D5443F2FB80A5A55ac804C948B45ce4C52DCbb,243,1,0,243,2,2,157,0,0,247,2,2,243,2,2,157,0,0,4,0,0,1,0,0,2,0,0
0x9bEA0625e581dF27Ef1ee5B97cf05e1Eea0d253F,120,1,2,122,2,3,122,0,1,125,2,2,122,2,3,122,0,1,5,0,0,1,0,0,0,0,0
0x40a33fB67B8Dafe88A5B1930be03C82157F47c65,119,1,2,122,3,3,122,0,1,125,3,2,122,3,3,122,0,1,6,0,0,2,0,0,0,0,0
0x186813AE4a08de96871e501536360811bd13D320,69,2,2,70,4,2,70,0,0,73,4,2,70,4,2,70,0,0,4,0,0,2,0,0,0,0,0
0x9da41f7810c2548572f4Fa414D06eD9772cA9e6E,1390,1,1,1388,2,3,391,0,1,1391,2,2,1388,2,3,391,0,1,1,0,0,1,0,0,1,0,0
0x6f08105c8CEef2BC5653640fcdbBE1e7bb519D39,81,1,1,80,3,2,64,0,0,83,3,2,80,3,2,64,0,0,2,0,0,2,0,0,1,0,0
0xd4240987D6F92B06c8B5068B1E4006A97c47392b,2334,1,2,2333,3,2,1863,0,1,2337,3,2,2333,3,2,1863,0,1,3,0,0,2,0,0,0,0,0
0xdAD02644b70cbB20DEc56d25282ddC65BB7805a1,78,2,1,80,4,3,54,0,0,83,4,2,80,4,3,54,0,0,5,0,0,2,0,0,1,0,0
0x6bA75D640bEbfe5dA1197bb5A2aff3327789b5d3,161,2,0,161,3,3,158,0,0,164,3,2,161,3,3,158,0,0,3,0,0,1,0,0,2,0,0
0xe3fDe5fC70B99ecFb9707f686dcCC0d696BdcF2c,358,1,2,361,3,3,87,0,0,363,3,2,361,3,3,87,0,0,5,0,0,2,0,0,0,0,0
0x7EC81B7035e91f8435BdEb2787DCBd51116Ad303,86,2,2,91,3,2,85,0,1,94,3,2,91,3,2,85,0,1,8,0,0,1,0,0,0,0,0
0x572bCAf6fB2f222E890AcFcD0BAC0C345Da53Fbd,117,3,2,112,5,3,102,0,0,118,5,2,112,5,3,102,0,0,1,0,0,2,0,0,0,0,0
0xF9B0871d3A8dc365f6231653f7D879c9578ED039,273,2,1,273,3,3,73,0,0,276,3,2,273,3,3,73,0,0,3,0,0,1,0,0,1,0,0
0x9AB62dc4d7dE3C9b2399F74de7613bb0B98a02F9,8132,1,2,8132,2,3,2079,0,0,8136,2,2,8132,2,3,2079,0,0,4,0,0,1,0,0,0,0,0
0xB1D914e7c55f16C2BAcAc11af6b3e011Aee38caF,408,3,3,381,5,4,5,0,0,410,5,3,381,5,4,5,0,0,2,0,0,2,0,0,0,0,0
0x1556e8043903A020fcdc2B262189a4c510dd673D,126,2,2,126,4,2,126,0,0,129,4,2,126,4,2,126,0,0,3,0,0,2,0,0,0,0,0
0xFA2283f212f2579Af943179FAC2e0A5cCFCC1D3f,117,1,2,122,2,2,122,0,0,125,2,2,122,2,2,122,0,0,8,0,0,1,0,0,0,0,0
0x6690384822afF0B65fE0C21a809F187F5c3fcdd8,121,1,1,118,2,2,74,0,0,127,2,2,118,2,2,74,0,0,6,0,0,1,0,0,1,0,0
0x3133b4F4dcffc083724435784fEFAD510FA659c6,430,2,2,432,3,3,404,0,1,435,3,2,432,3,3,404,0,1,5,0,0,1,0,0,0,0,0
0xC5c9fB6223A989208Df27dCEE33fC59ff5c26fFF,80,2,1,80,3,2,80,0,0,83,3,2,80,3,2,80,0,0,3,0,0,1,0,0,1,0,0
0xf1EC0BC9E877eC1BC20262c33512601CB4979c1d,138,1,2,140,3,2,70,0,1,143,3,2,140,3,2,70,0,1,5,0,0,2,0,0,0,0,0
0x9b36C7c1C5ee9B44788D95b11DE3019f4c0c715e,114,1,2,118,2,2,72,0,1,121,2,2,118,2,2,72,0,1,7,0,0,1,0,0,0,0,0
0x4fd7043D2C6983fa33Ba1C1059E27ef7552f947b,81,1,2,82,3,3,81,0,1,84,3,2,82,3,3,81,0,1,3,0,0,2,0,0,0,0,0
0x7C47790Eb6386601Af4B08064A6Dfef07f403D55,206,3,0,203,4,3,118,0,0,207,4,2,203,4,3,118,0,0,1,0,0,1,0,0,2,0,0
0x2bE3B3c70cb6180a7015586B9c37819C7d29CbC6,119,1,2,118,2,3,72,0,0,121,2,2,118,2,3,72,0,0,2,0,0,1,0,0,0,0,0
0x959Fb43EF08F415da0AeA39BEEf92D96f41E41b3,1919,2,2,1919,3,2,1882,0,0,1922,3,2,1919,3,2,1882,0,0,3,0,0,1,0,0,0,0,0
0xa0D7cf9F3828049cEFf9D6746b6906F157DE3b38,63,1,2,68,3,2,68,0,0,70,3,2,68,3,2,68,0,0,7,0,0,2,0,0,0,0,0
0xfFEE087852cb4898e6c3532E776e68BC68b1143B,48,3,2,50,5,3,50,0,0,52,5,2,50,5,3,50,0,0,4,0,0,2,0,0,0,0,0
0x22931153614F5613d1bd9c232A646ade27A007aF,71,2,2,69,4,2,64,0,0,75,4,2,69,4,2,64,0,0,4,0,0,2,0,0,0,0,0
0xe95Ebce2B02Ee07dEF5Ed6B53289801F7Fc137A4,420,2,3,422,4,3,375,0,0,425,4,3,422,4,3,375,0,0,5,0,0,2,0,0,0,0,0
0x26CBC7008cD879f4B63B69a915378f2D9b17bBF0,159,1,2,158,2,3,117,0,0,160,2,2,158,2,3,117,0,0,1,0,0,1,0,0,0,0,0
0x1e387e1f9f94F16078AB3AbB5a099ae4d49C1B2d,278,1,1,281,2,3,281,0,0,286,2,2,281,2,3,281,0,0,8,0,0,1,0,0,1,0,0
0x37CC99AAbb9F6e1B2A37D95Cec66B34133E558a3,67,1,2,65,3,3,34,0,0,68,3,2,65,3,3,34,0,0,1,0,0,2,0,0,0,0,0
0x85543Da0DB5CF305f0522f0be2Edaa105C72b0cf,73,1,2,74,3,2,74,0,0,76,3,2,74,3,2,74,0,0,3,0,0,2,0,0,0,0,0
0x4A974495E20A8E0f5ce1De59eB15CfffD19Bcf8d,273,1,2,270,3,3,83,0,1,274,3,2,270,3,3,83,0,1,1,0,0,2,0,0,0,0,0
0x579e0E70A1eb943cfF62B622a8ABCC8a9696AA88,91,1,2,90,3,3,67,0,0,93,3,2,90,3,3,67,0,0,2,0,0,2,0,0,0,0,0
0x986Eb51E67e154901ff9B482835788B8f3054076,86,1,2,87,3,2,69,0,0,91,3,2,87,3,2,69,0,0,5,0,0,2,0,0,0,0,0
0xFF957eA28b537b34E0c6E6B50c6c938668DD28a0,341,1,2,340,3,3,340,0,0,342,3,2,340,3,3,340,0,0,1,0,0,2,0,0,0,0,0
0xcf9e5B210cE84Ad5060841fabcecb5FcCC7ee55E,57,2,2,62,4,3,62,0,0,65,4,2,62,4,3,62,0,0,8,0,0,2,0,0,0,0,0
0x261b45D85cCFeAbb11F022eBa346ee8D1cd488c0,121,1,2,123,3,2,122,0,1,126,3,2,123,3,2,122,0,1,5,0,0,2,0,0,0,0,0
0x6Bf977ED1A09214E6209F4EA5f525261f1A2690a,57,1,2,62,2,3,62,0,1,65,2,2,62,2,3,62,0,1,8,0,0,1,0,0,0,0,0
0xD12d68Fd52b54908547ebC2Cd77Ec6EbbEfd3099,420,2,0,418,4,3,338,0,2,424,4,2,418,4,3,338,0,2,4,0,0,2,0,0,2,0,0
0x95f1A50872768AcCBBdB728ADAd920B7eAE7680A,133,2,2,133,3,4,133,0,0,136,3,3,133,3,4,133,0,0,3,0,0,1,0,0,1,0,0
0x7e07CCa7Af9fa26C3BbedA2A76D9B503eA902028,89,1,1,95,2,3,81,0,1,97,2,2,95,2,3,81,0,1,8,0,0,1,0,0,1,0,0
0xfb62AE373acA027177D1c18Ee0862817f9080d08,108,1,2,107,2,2,107,0,0,110,2,2,107,2,2,107,0,0,2,0,0,1,0,0,0,0,0
0xACf14710b3A8E5F47369eAb81E728e0052811DbF,56,2,2,54,4,3,54,0,0,57,4,2,54,4,3,54,0,0,1,0,0,2,0,0,0,0,0
0xe71a8ddCad4a950a1bbea58a301F62B5337eCB5c,307,2,3,312,3,4,69,0,0,314,3,3,312,3,4,69,0,0,7,0,0,1,0,0,0,0,0
0xEEbeC7874f46C4452610A11FA6bE0264f7f0557F,242,1,2,245,2,3,239,0,0,248,2,2,245,2,3,239,0,0,6,0,0,1,0,0,0,0,0
0xF8b4B764b79F7709253Efc47cC5B30350c283E34,47,1,2,54,3,3,54,0,0,57,3,2,54,3,3,54,0,0,10,0,0,2,0,0,0,0,0
0x37d567420d649E6E11c87BbE27b6636eDBB7cAF3,203,1,2,203,2,3,118,0,1,207,2,2,203,2,3,118,0,1,4,0,0,1,0,0,0,0,0
0xff5A11C0442028eE2A60d31E6ebb3CbaC121ffe5,56,2,2,54,4,2,54,0,0,57,4,2,54,4,2,54,0,0,1,0,0,2,0,0,0,0,0
0xeD35E1a5fA1Bb9fc4686b6d1f1d301C8c8B554D9,192,1,1,196,3,2,116,0,1,200,3,2,196,3,2,116,0,1,8,0,0,2,0,0,1,0,0
0xdeF7BdF8eCb450c1D93C5dB7C8DBcE5894CCDaa9,154,1,2,158,2,2,69,0,0,160,2,2,158,2,2,69,0,0,6,0,0,1,0,0,0,0,0
0x4C9Ba28123c25d869De69AD3B304155C8a1cA9A0,506,1,3,504,3,4,475,0,0,507,3,3,504,3,4,475,0,0,1,0,0,2,0,0,0,0,0
0x910abBFD49Fbbd38A03f661b34127618FCb3824C,232,3,2,231,4,3,61,0,0,234,4,2,231,4,3,61,0,0,2,0,0,1,0,0,0,0,0
0x7227c9c299D561C8c6320A04dD7f4c1c0FC33910,106,1,1,107,2,2,50,0,0,109,2,2,107,2,2,50,0,0,3,0,0,1,0,0,1,0,0
0xF9A6E4085Ec315c00A09dEfC1Eb67Ff3586D14fC,147,1,2,149,2,3,149,0,0,151,2,2,149,2,3,149,0,0,4,0,0,1,0,0,0,0,0
0x0AD2fa8e763D0ba30b1B04f8096995D2690eA1e3,51,1,2,54,2,2,54,0,0,57,2,2,54,2,2,54,0,0,6,0,0,1,0,0,0,0,0
0x07E4686E7463770566A7C0246b7a707FAebb5C91,785,1,0,791,2,2,341,0,0,793,2,2,791,2,2,341,0,0,8,0,0,1,0,0,2,0,0
0x0000feE6275DaB194Ab538A01dD8B18B02b20000,316,1,2,318,3,3,318,0,0,321,3,2,318,3,3,318,0,0,5,0,0,2,0,0,0,0,0
0x0466e612137bCa50E524F25ac9f7b6F826eE15B7,48,2,2,54,3,2,54,0,0,57,3,2,54,3,2,54,0,0,9,0,0,1,0,0,0,0,0
0x88F65097BA6E10F25E93bf41987f9416BBB303eB,72,1,1,75,2,2,72,0,0,78,2,2,75,2,2,72,0,0,6,0,0,1,0,0,1,0,0
0xD174A49b64392c6a26AE49632A8e0C84ad810e94,695,1,2,696,2,4,497,0,1,698,2,3,696,2,4,497,0,1,3,0,0,1,0,0,1,0,0
0x9e8294b7F4811104fdec57Ffe13C6FaE55fBF8ea,132,2,2,130,4,2,117,0,1,133,4,2,130,4,2,117,0,1,1,0,0,2,0,0,0,0,0
0x55F1E0668109D961b5895b97a48F0E655b28ECfE,157,2,2,160,4,2,160,0,1,162,4,2,160,4,2,160,0,1,5,0,0,2,0,0,0,0,0
0x1950BB2f0732A78B98AdaB118791B997A39bB29b,64,1,2,64,2,2,64,0,0,66,2,2,64,2,2,64,0,0,2,0,0,1,0,0,0,0,0
0xf8a7363F1326AAeD013B2F7c0357D04c48Fc532e,271,1,1,275,3,2,119,0,0,279,3,2,275,3,2,119,0,0,8,0,0,2,0,0,1,0,0
0xe794de49Ec33837C8b410742C96b9FBc6E9248f3,111,1,1,111,2,2,111,0,0,117,2,2,111,2,2,111,0,0,6,0,0,1,0,0,1,0,0
0x65a833afDc250D9d38f8CD9bC2B1E3132dB13B2F,1486,1,2,1491,2,3,371,0,1,1494,2,2,1491,2,3,371,0,1,8,0,0,1,0,0,0,0,0
0x453EFdA3e779F12CFa7C576aD69d23A88C40bB3A,1036,1,2,1034,2,2,764,0,0,1042,2,2,1034,2,2,764,0,0,6,0,0,1,0,0,0,0,0
0x0aC00355F80E289f53BF368C9Bdb70f5c114C44B,72,2,1,69,3,3,69,0,0,73,3,3,69,3,3,69,0,0,1,0,0,1,0,0,2,0,0
0x746d94f1161C991675Ede99aBCDb0412a4fEE43E,391,2,2,391,4,3,224,0,1,393,4,2,391,4,3,224,0,1,2,0,0,2,0,0,0,0,0
0xCE1BEF545FF61DaaeAF9D2dcFDc0F93ba00fF9C0,179,1,2,184,2,2,143,0,0,186,2,2,184,2,2,143,0,0,7,0,0,1,0,0,0,0,0
0xDae16f755941cbC0C9D240233a6F581d1734DaA2,207,2,2,211,4,2,211,0,0,214,4,2,211,4,2,211,0,0,7,0,0,2,0,0,0,0,0
0x84db6eE82b7Cf3b47E8F19270abdE5718B936670,417,2,2,421,3,2,185,0,0,424,3,2,421,3,2,185,0,0,7,0,0,1,0,0,0,0,0
0x39F8e6c7877478de0604fe693c6080511Bc0A6DA,67,2,2,75,3,2,75,0,0,77,3,2,75,3,2,75,0,0,10,0,0,1,0,0,0,0,0
0xAD6F27c6A8C21d0a6b295374b357b6998097B787,396,1,0,398,3,3,250,0,0,402,3,2,398,3,3,250,0,0,6,0,0,2,0,0,2,0,0
0xa0FDab08eCa6E53652Cb79C6eF6Fc562e04D0822,72,1,2,70,2,3,70,0,0,73,2,2,70,2,3,70,0,0,1,0,0,1,0,0,0,0,0
0xfcAEF42be626f4dc4DE7D48D9fC37A5711e0e559,71,1,2,75,3,3,72,0,1,78,3,2,75,3,3,72,0,1,7,0,0,2,0,0,0,0,0
0x184A71185674C789b4177A49BD41a96CE2c421Ef,71,2,2,69,4,3,64,0,0,75,4,2,69,4,3,64,0,0,4,0,0,2,0,0,0,0,0
0xE04C26F68E0657d402FA95377aa7a2838D6cBA6f,253,1,0,259,3,2,259,0,0,262,3,2,259,3,2,259,0,0,9,0,0,2,0,0,2,0,0
0x0b53687c448362bA3e74Ce3d9323Fcc4d953815e,86,2,2,86,3,3,71,0,1,90,3,2,86,3,3,71,0,1,4,0,0,1,0,0,0,0,0
0x2058A1d2e94D93b3777A3b28DD746373241493Cd,71,1,1,75,2,2,72,0,0,78,2,2,75,2,2,72,0,0,7,0,0,1,0,0,1,0,0
0xaBAfA52D3d5A2c18A4C1Ae24480D22B831fC0413,78,3,2,83,4,3,83,0,1,86,4,2,83,4,3,83,0,1,8,0,0,1,0,0,0,0,0
0xE75D77B1865Ae93c7eaa3040B038D7aA7BC02F70,5478,1,2,5485,3,2,333,0,0,5488,3,2,5485,3,2,333,0,0,10,0,0,2,0,0,0,0,0
0xc8871267e07408b89aA5aEcc58AdCA5E574557F8,1646,1,1,1644,3,3,71,0,0,1648,3,2,1644,3,3,71,0,0,2,0,0,2,0,0,1,0,0
0x477D1EE2F953A2F85dbEcBcB371c2613809eA452,76,2,3,75,4,4,72,0,1,78,4,3,75,4,4,72,0,1,2,0,0,2,0,0,0,0,0
0x7CC778c9b8fB55Bb874D0EaEf0751ff465f80498,1153,1,2,1159,2,2,864,0,0,1162,2,2,1159,2,2,864,0,0,9,0,0,1,0,0,0,0,0
0x627Af3B7bB61CB5E96a1F31277eb387DeFe737A1,998,1,2,1000,2,3,991,0,0,1006,2,2,1000,2,3,991,0,0,8,0,0,1,0,0,0,0,0
0xd714d91A169127e11D8FAb3665d72E8b7ef9Dbe2,160,2,2,167,4,2,129,0,2,169,4,2,167,4,2,129,0,2,9,0,0,2,0,0,0,0,0
0x000000B2E18954817a1291098484c29848c19c13,197,1,0,197,3,2,90,0,0,200,3,2,197,3,2,90,0,0,3,0,0,2,0,0,2,0,0
0x4212bAAA58326C48CBba1487211B8327DcA68eFa,72,2,2,75,4,2,72,0,0,78,4,2,75,4,2,72,0,0,6,0,0,2,0,0,0,0,0
0x43D037A562099A4C2c95b1E2120cc43054450629,612,2,2,609,3,3,604,0,0,613,3,2,609,3,3,604,0,0,1,0,0,1,0,0,0,0,0
0xF4A23a2306C3B8666Bf1537e95d5CeF1CF37FFB3,75,2,1,75,4,3,72,0,1,78,4,2,75,4,3,72,0,1,3,0,0,2,0,0,1,0,0
0x3aBEDBA3052845CE3f57818032BFA747CDED3fca,117,1,2,122,2,2,122,0,0,125,2,2,122,2,2,122,0,0,8,0,0,1,0,0,0,0,0
0x6722ec501bE09fb221bCC8a46F9660868d0a6c63,354,1,2,360,3,2,360,0,0,363,3,2,360,3,2,360,0,0,9,0,0,2,0,0,0,0,0
0x7572D885244803D07572A459dEa55De93b0397Ba,76,2,1,75,3,2,72,0,0,78,3,2,75,3,2,72,0,0,2,0,0,1,0,0,1,0,0
0xfd05b04a0040325C0D975B89F6F3AeB188FB1fBD,168,1,2,166,2,3,124,0,0,169,2,3,166,2,3,124,0,0,1,0,0,1,0,0,1,0,0
0x6908aC9D48f7D764e31D171d880561a05435B66e,89,1,2,91,3,2,67,0,2,94,3,2,91,3,2,67,0,2,5,0,0,2,0,0,0,0,0
0x230420888187B64596b08F0F1881145cCb7b2190,1345,1,2,1348,2,3,19,0,0,1351,2,2,1348,2,3,19,0,0,6,0,0,1,0,0,0,0,0
0xa72F2943e856aa5266b01fe015a2c9e73a42A72A,156,1,2,158,3,2,119,0,0,161,3,2,158,3,2,119,0,0,5,0,0,2,0,0,0,0,0
0x3c63d735aa953535b57EC9f48C39aA979c2d0bF8,112,1,0,111,3,3,59,0,0,117,3,2,111,3,3,59,0,0,5,0,0,2,0,0,2,0,0
0xEC363faa5c4dd0e51f3D9B5d0101263760E7cdeB,1539,2,2,1543,4,3,1531,0,0,1547,4,2,1543,4,3,1531,0,0,8,0,0,2,0,0,0,0,0
0xe0fA9D5bc6d4281197184C349F25673C7CDefd66,207,2,2,209,4,3,135,0,0,212,4,2,209,4,3,135,0,0,5,0,0,2,0,0,0,0,0
0x7935AFFC4Ac2448199C46A490ced31F0EDCb3B33,197,2,1,204,4,2,122,0,0,207,4,2,204,4,2,122,0,0,10,0,0,2,0,0,1,0,0
0x2137fFbbB279218E1a61d4483DeD9C9a017e9257,220,1,2,218,3,2,188,0,0,221,3,2,218,3,2,188,0,0,1,0,0,2,0,0,0,0,0
0xCAdB4212E05C03A0942b3ca0F494a9E3eB5BBc3A,1349,2,2,1348,3,3,19,0,0,1351,3,2,1348,3,3,19,0,0,2,0,0,1,0,0,0,0,0
0x261cD5b9c3A81AB0033D937C96aeec308e838ec4,2888,1,2,2892,3,3,2090,0,1,2897,3,2,2892,3,3,2090,0,1,9,0,0,2,0,0,0,0,0
0xf68CC00F5bF70bD39542D2E2dee3F718733408D9,337,3,2,338,5,2,122,0,0,341,5,2,338,5,2,122,0,0,4,0,0,2,0,0,0,0,0
0xc360606fc0a689D4f6b21517Da7c2a1fc2247C77,1342,2,2,1348,3,2,19,0,1,1351,3,2,1348,3,2,19,0,1,9,0,0,1,0,0,0,0,0
0x9E488eED8b8315FFd4eaE6D521899Ced4f65CE3D,1342,1,1,1348,2,2,19,0,0,1351,2,2,1348,2,2,19,0,0,9,0,0,1,0,0,1,0,0
,,,,,,,,,,,,,,,,,,,5.428571429,0,0,1.533333333,0,0,0.4238095238,0,0